[Samples],,,,,,,,
experiment_id,sample_id,R1_fastq_file,R2_fastq_file,I1_fastq_file,containing_folder,adaptor_sequence,organism,umi
BL11_PBMCU1_0p5,BL11_PBMCU1_0p5,BL11_PBMCU1_0p5_S1_R1_001.fastq.gz,,,230222_VH01198_15_AAAY5CMHV,AGATCGGAAGAGCACACGTCT,human,
BL11_PBMCU2_0p5,BL11_PBMCU2_0p5,BL11_PBMCU2_0p5_S2_R1_001.fastq.gz,,,230222_VH01198_15_AAAY5CMHV,AGATCGGAAGAGCACACGTCT,human,
BL11_PBMCL1_0p5,BL11_PBMCL1_0p5,BL11_PBMCL1_0p5_S3_R1_001.fastq.gz,,,230222_VH01198_15_AAAY5CMHV,AGATCGGAAGAGCACACGTCT,human,
BL11_PBMCL2_0p5,BL11_PBMCL2_0p5,BL11_PBMCL2_0p5_S4_R1_001.fastq.gz,,,230222_VH01198_15_AAAY5CMHV,AGATCGGAAGAGCACACGTCT,human,
BL11_PBMCU1_2,BL11_PBMCU1_2,BL11_PBMCL1_2_S7_R1_001.fastq.gz,,,230222_VH01198_15_AAAY5CMHV,AGATCGGAAGAGCACACGTCT,human,
BL11_PBMCU2_2,BL11_PBMCU2_2,BL11_PBMCU2_2_S6_R1_001.fastq.gz,,,230222_VH01198_15_AAAY5CMHV,AGATCGGAAGAGCACACGTCT,human,
BL11_PBMCL1_2,BL11_PBMCL1_2,BL11_PBMCU1_2_S5_R1_001.fastq.gz,,,230222_VH01198_15_AAAY5CMHV,AGATCGGAAGAGCACACGTCT,human,
BL11_PBMCL2_2,BL11_PBMCL2_2,BL11_PBMCL2_2_S8_R1_001.fastq.gz,,,230222_VH01198_15_AAAY5CMHV,AGATCGGAAGAGCACACGTCT,human,
YL4_U1,YL4_U1,YL4_U1_S1_R1_001.fastq.gz,,,230208_VH01198_14_AACGVCKM5,AGATCGGAAGAGCACACGTCT,human,
YL4_U2,YL4_U2,YL4_U2_S2_R1_001.fastq.gz,,,230208_VH01198_14_AACGVCKM5,AGATCGGAAGAGCACACGTCT,human,
YL4_L1,YL4_L1,YL4_L1_S3_R1_001.fastq.gz,,,230208_VH01198_14_AACGVCKM5,AGATCGGAAGAGCACACGTCT,human,
YL4_L2,YL4_L2,YL4_L2_S4_R1_001.fastq.gz,,,230208_VH01198_14_AACGVCKM5,AGATCGGAAGAGCACACGTCT,human,
YL5_U1_1,YL5_U1_1,YL5_U1_1_S1_R1_001.fastq.gz,,,230308_VH01198_16_AAAY2N5HV,AGATCGGAAGAGCACACGTCT,human,
YL5_U2_1,YL5_U2_1,YL5_U2_1_S2_R1_001.fastq.gz,,,230308_VH01198_16_AAAY2N5HV,AGATCGGAAGAGCACACGTCT,human,
YL5_R1_01,YL5_R1_01,YL5_R1_1_S3_R1_001.fastq.gz,,,230308_VH01198_16_AAAY2N5HV,AGATCGGAAGAGCACACGTCT,human,
YL5_R2_01,YL5_R2_01,YL5_R2_1_S4_R1_001.fastq.gz,,,230308_VH01198_16_AAAY2N5HV,AGATCGGAAGAGCACACGTCT,human,
YL5_U1_04,YL5_U1_04,YL5_U1_4_S5_R1_001.fastq.gz,,,230308_VH01198_16_AAAY2N5HV,AGATCGGAAGAGCACACGTCT,human,
YL5_U2_04,YL5_U2_04,YL5_U2_4_S6_R1_001.fastq.gz,,,230308_VH01198_16_AAAY2N5HV,AGATCGGAAGAGCACACGTCT,human,
YL5_R1_04,YL5_R1_04,YL5_R1_4_S7_R1_001.fastq.gz,,,230308_VH01198_16_AAAY2N5HV,AGATCGGAAGAGCACACGTCT,human,
YL5_R2_04,YL5_R2_04,YL5_R2_4_S8_R1_001.fastq.gz,,,230308_VH01198_16_AAAY2N5HV,AGATCGGAAGAGCACACGTCT,human,
YL5_U1_21,YL5_U1_21,YL5_U1_21_S17_R1_001.fastq.gz,,,230308_VH01198_16_AAAY2N5HV,AGATCGGAAGAGCACACGTCT,human,
YL5_U2_21,YL5_U2_21,YL5_U2_21_S18_R1_001.fastq.gz,,,230308_VH01198_16_AAAY2N5HV,AGATCGGAAGAGCACACGTCT,human,
YL5_R1_21,YL5_R1_21,YL5_R1_21_S19_R1_001.fastq.gz,,,230308_VH01198_16_AAAY2N5HV,AGATCGGAAGAGCACACGTCT,human,
YL5_R2_21,YL5_R2_21,YL5_R2_21_S20_R1_001.fastq.gz,,,230308_VH01198_16_AAAY2N5HV,AGATCGGAAGAGCACACGTCT,human,
,,,,,,,,
[Riboseq_jobs],,,,,,,,
CHX,TIS,Note,,,,,,
BL11_PBMCU1_0p5,,BL11_PBMC_NT_30min_rep1,,,,,,
BL11_PBMCU2_0p5,,BL11_PBMC_NT_30min_rep2,,,,,,
BL11_PBMCL1_0p5,,BL11_PBMC_LPS_30min_rep1,,,,,,
BL11_PBMCL2_0p5,,BL11_PBMC_LPS_30min_rep2,,,,,,
BL11_PBMCU1_2,,BL11_PBMC_NT_2hr_rep1,,,,,,
BL11_PBMCU2_2,,BL11_PBMC_NT_2hr_rep2,,,,,,
BL11_PBMCL1_2,,BL11_PBMC_LPS_2hr_rep1,,,,,,
BL11_PBMCL2_2,,BL11_PBMC_LPS_2hr_rep2,,,,,,
YL4_U1,,YL4_PBMC_NT_24hr_rep1,,,,,,
YL4_U2,,YL4_PBMC_NT_24hr_rep2,,,,,,
YL4_L1,,YL4_PBMC_LPS_24hr_rep1,,,,,,
YL4_L2,,YL4_PBMC_LPS_24hr_rep2,,,,,,
YL5_U1_1,,YL5_PBMC_NT_1hr_rep1,,,,,,
YL5_U2_1,,YL5_PBMC_NT_1hr_rep2,,,,,,
YL5_R1_01,,YL5_PBMC_R848_1hr_rep1,,,,,,
YL5_R2_01,,YL5_PBMC_R848_1hr_rep2,,,,,,
YL5_U1_04,,YL5_PBMC_NT_4hr_rep1,,,,,,
YL5_U2_04,,YL5_PBMC_NT_4hr_rep2,,,,,,
YL5_R1_04,,YL5_PBMC_R848_4hr_rep1,,,,,,
YL5_R2_04,,YL5_PBMC_R848_4hr_rep2,,,,,,
YL5_U1_21,,YL5_PBMC_NT_21hr_rep1,,,,,,
YL5_U2_21,,YL5_PBMC_NT_21hr_rep2,,,,,,
YL5_R1_21,,YL5_PBMC_R848_21hr_rep1,,,,,,
YL5_R2_21,,YL5_PBMC_R848_21hr_rep2,,,,,,