[Samples],,,,,,,,,,
experiment_id,sample_id,R1_fastq_file,R2_fastq_file,I1_fastq_file,containing_folder,adaptor_sequence,organism,umi,,
Caco-2_control_rep1,Caco-2_control_rep1,Caco-2_controlrep1_S39_R1_001.fastq.gz,,,s3://velia-archive-dev/velia/data/saghatelian_human_cells/fastq/,AGATCGGAAGAGCACACGTCT,human,,,
Caco-2_control_rep2,Caco-2_control_rep2,Caco-2_controlrep2_S43_R1_001.fastq.gz,,,s3://velia-archive-dev/velia/data/saghatelian_human_cells/fastq/,AGATCGGAAGAGCACACGTCT,human,,,
Caco-2_LM_rep1,Caco-2_LM_rep1,Caco-2_LMrep1_S41_R1_001.fastq.gz,,,s3://velia-archive-dev/velia/data/saghatelian_human_cells/fastq/,AGATCGGAAGAGCACACGTCT,human,,,
Caco-2_LM_rep2,Caco-2_LM_rep2,Caco-2_LMrep2_S45_R1_001.fastq.gz,,,s3://velia-archive-dev/velia/data/saghatelian_human_cells/fastq/,AGATCGGAAGAGCACACGTCT,human,,,
Caco-2_MWOLip_rep1,Caco-2_MWOLip_rep1,Caco-2_MWOLiprep1_S40_R1_001.fastq.gz,,,s3://velia-archive-dev/velia/data/saghatelian_human_cells/fastq/,AGATCGGAAGAGCACACGTCT,human,,,
Caco-2_MWOLip_rep2,Caco-2_MWOLip_rep2,Caco-2_MWOLiprep2_S44_R1_001.fastq.gz,,,s3://velia-archive-dev/velia/data/saghatelian_human_cells/fastq/,AGATCGGAAGAGCACACGTCT,human,,,
Caco-2_undiff_rep1,Caco-2_undiff_rep1,Caco-2_undiffrep1_S42_R1_001.fastq.gz,,,s3://velia-archive-dev/velia/data/saghatelian_human_cells/fastq/,AGATCGGAAGAGCACACGTCT,human,,,
Caco-2_undiff_rep2,Caco-2_undiff_rep2,Caco-2_undiffrep2_S46_R1_001.fastq.gz,,,s3://velia-archive-dev/velia/data/saghatelian_human_cells/fastq/,AGATCGGAAGAGCACACGTCT,human,,,
HCC1954_rep2,HCC1954_rep2,HCC1954_rep2_S38_R1_001.fastq.gz,,,s3://velia-archive-dev/velia/data/saghatelian_human_cells/fastq/,AGATCGGAAGAGCACACGTCT,human,,,
HCC1954_rep3,HCC1954_rep3,HCC1954_rep3_S41_R1_001.fastq.gz,,,s3://velia-archive-dev/velia/data/saghatelian_human_cells/fastq/,AGATCGGAAGAGCACACGTCT,human,,,
HCC1954_RPF_1,HCC1954_RPF_1,HCC1954_RPF_1_S38_R1_001.fastq.gz,,,s3://velia-archive-dev/velia/data/saghatelian_human_cells/fastq/,AGATCGGAAGAGCACACGTCT,human,,,
HepG2_chol-oleic_rep1,HepG2_chol-oleic_rep1,saghatelian_HepG2_chol-oleic_rep1.fastq.gz,,,s3://velia-archive-dev/velia/data/saghatelian_human_cells/fastq/,AGATCGGAAGAGCACACGTCT,human,,,
HepG2_chol-oleic_rep2,HepG2_chol-oleic_rep2,saghatelian_HepG2_chol-oleic_rep2.fastq.gz,,,s3://velia-archive-dev/velia/data/saghatelian_human_cells/fastq/,AGATCGGAAGAGCACACGTCT,human,,,
HepG2_control_rep1,HepG2_control_rep1,saghatelian_HepG2_control_rep1.fastq.gz,,,s3://velia-archive-dev/velia/data/saghatelian_human_cells/fastq/,AGATCGGAAGAGCACACGTCT,human,,,
HepG2_control_rep2,HepG2_control_rep2,saghatelian_HepG2_control_rep2.fastq.gz,,,s3://velia-archive-dev/velia/data/saghatelian_human_cells/fastq/,AGATCGGAAGAGCACACGTCT,human,,,
MCF-7_rep6,MCF-7_rep6,MCF-7_rep6_S36_R1_001.fastq.gz,,,s3://velia-archive-dev/velia/data/saghatelian_human_cells/fastq/,AGATCGGAAGAGCACACGTCT,human,,,
MCF-7_rep7,MCF-7_rep7,MCF-7_rep7_S39_R1_001.fastq.gz,,,s3://velia-archive-dev/velia/data/saghatelian_human_cells/fastq/,AGATCGGAAGAGCACACGTCT,human,,,
MCF-7_RPF_2,MCF-7_RPF_2,MCF-7_RPF_2_S25_R1_001.fastq.gz,,,s3://velia-archive-dev/velia/data/saghatelian_human_cells/fastq/,AGATCGGAAGAGCACACGTCT,human,,,
MCF-7_RPF_3,MCF-7_RPF_3,MCF-7_RPF_3_S26_R1_001.fastq.gz,,,s3://velia-archive-dev/velia/data/saghatelian_human_cells/fastq/,AGATCGGAAGAGCACACGTCT,human,,,
MCF-7_RPF_4,MCF-7_RPF_4,MCF-7_RPF_4_S27_R1_001.fastq.gz,,,s3://velia-archive-dev/velia/data/saghatelian_human_cells/fastq/,AGATCGGAAGAGCACACGTCT,human,,,
MCF-7_RPF_5,MCF-7_RPF_5,MCF-7_RPF_5_S28_R1_001.fastq.gz,,,s3://velia-archive-dev/velia/data/saghatelian_human_cells/fastq/,AGATCGGAAGAGCACACGTCT,human,,,
MDA-MB-231_rep2,MDA-MB-231_rep2,MDA-MB-231_rep2_S37_R1_001.fastq.gz,,,s3://velia-archive-dev/velia/data/saghatelian_human_cells/fastq/,AGATCGGAAGAGCACACGTCT,human,,,
MDA-MB-231_rep3,MDA-MB-231_rep3,MDA-MB-231_rep3_S40_R1_001.fastq.gz,,,s3://velia-archive-dev/velia/data/saghatelian_human_cells/fastq/,AGATCGGAAGAGCACACGTCT,human,,,
MDA-MB-231_RPF_1,MDA-MB-231_RPF_1,MDA-MB-231_RPF_1_S37_R1_001.fastq.gz,,,s3://velia-archive-dev/velia/data/saghatelian_human_cells/fastq/,AGATCGGAAGAGCACACGTCT,human,,,
K562-HiRes-rep3_SRR8449581,K562-HiRes-rep3_SRR8449581,SRR8449581_1.fastq.gz,,,s3://velia-archive-dev/velia/data/fastq/martinez_ncb/,AGATCGGAAGAGCACACGTCT,human,,,
K562-HiRes-rep2_SRR8449580,K562-HiRes-rep2_SRR8449580,SRR8449580_1.fastq.gz,,,s3://velia-archive-dev/velia/data/fastq/martinez_ncb/,AGATCGGAAGAGCACACGTCT,human,,,
K562-HiRes-rep1_SRR8449579,K562-HiRes-rep1_SRR8449579,SRR8449579_1.fastq.gz,,,s3://velia-archive-dev/velia/data/fastq/martinez_ncb/,AGATCGGAAGAGCACACGTCT,human,,,
HeLaS3-LoRes-rep2_SRR8449576,HeLaS3-LoRes-rep2_SRR8449576,SRR8449576_1.fastq.gz,,,s3://velia-archive-dev/velia/data/fastq/martinez_ncb/,AGATCGGAAGAGCACACGTCT,human,,,
HeLaS3-LoRes-rep1_SRR8449575,HeLaS3-LoRes-rep1_SRR8449575,SRR8449575_1.fastq.gz,,,s3://velia-archive-dev/velia/data/fastq/martinez_ncb/,AGATCGGAAGAGCACACGTCT,human,,,
HeLaS3-HiRes-rep2_SRR8449578,HeLaS3-HiRes-rep2_SRR8449578,SRR8449578_R1.fastq.gz,,,s3://velia-archive-dev/velia/data/fastq/martinez_ncb/,AGATCGGAAGAGCACACGTCT,human,,,
HeLaS3-HiRes-rep1_SRR8449577,HeLaS3-HiRes-rep1_SRR8449577,SRR8449577_R1.fastq.gz,,,s3://velia-archive-dev/velia/data/fastq/martinez_ncb/,AGATCGGAAGAGCACACGTCT,human,,,
HEK293T-TM-rep2_SRR8449572,HEK293T-TM-rep2_SRR8449572,SRR8449572_1.fastq.gz,,,s3://velia-archive-dev/velia/data/fastq/martinez_ncb/,AGATCGGAAGAGCACACGTCT,human,,,
HEK293T-TM-rep1_SRR8449571,HEK293T-TM-rep1_SRR8449571,SRR8449571_1.fastq.gz,,,s3://velia-archive-dev/velia/data/fastq/martinez_ncb/,AGATCGGAAGAGCACACGTCT,human,,,
HEK293T-TG-rep2_SRR8449574,HEK293T-TG-rep2_SRR8449574,SRR8449574_1.fastq.gz,,,s3://velia-archive-dev/velia/data/fastq/martinez_ncb/,AGATCGGAAGAGCACACGTCT,human,,,
HEK293T-TG-rep1_SRR8449573,HEK293T-TG-rep1_SRR8449573,SRR8449573_1.fastq.gz,,,s3://velia-archive-dev/velia/data/fastq/martinez_ncb/,AGATCGGAAGAGCACACGTCT,human,,,
HEK293T-MedRes_SRR8449567,HEK293T-MedRes_SRR8449567,SRR8449567_1.fastq.gz,,,s3://velia-archive-dev/velia/data/fastq/martinez_ncb/,AGATCGGAAGAGCACACGTCT,human,,,
HEK293T-LoRes_SRR8449566,HEK293T-LoRes_SRR8449566,SRR8449566_1.fastq.gz,,,s3://velia-archive-dev/velia/data/fastq/martinez_ncb/,AGATCGGAAGAGCACACGTCT,human,,,
HEK293T-HiRes_SRR8449568,HEK293T-HiRes_SRR8449568,SRR8449568_1.fastq.gz,,,s3://velia-archive-dev/velia/data/fastq/martinez_ncb/,AGATCGGAAGAGCACACGTCT,human,,,
HEK293T-DMSO-rep2_SRR8449570,HEK293T-DMSO-rep2_SRR8449570,SRR8449570_1.fastq.gz,,,s3://velia-archive-dev/velia/data/fastq/martinez_ncb/,AGATCGGAAGAGCACACGTCT,human,,,
HEK293T-DMSO-rep1_SRR8449569,HEK293T-DMSO-rep1_SRR8449569,SRR8449569_1.fastq.gz,,,s3://velia-archive-dev/velia/data/fastq/martinez_ncb/,AGATCGGAAGAGCACACGTCT,human,,,
cardiomyocyte-rep3_SRR9113069,cardiomyocyte-rep3_SRR9113069,SRR9113069_1.fastq.gz,,,s3://velia-archive-dev/velia/data/fastq/chen_science/,AGATCGGAAGAGCACACGTCT,human,,,
cardiomyocyte-rep2_SRR9113068,cardiomyocyte-rep2_SRR9113068,SRR9113068_1.fastq.gz,,,s3://velia-archive-dev/velia/data/fastq/chen_science/,AGATCGGAAGAGCACACGTCT,human,,,
cardiomyocyte-rep1_SRR9113067,cardiomyocyte-rep1_SRR9113067,SRR9113067_1.fastq.gz,,,s3://velia-archive-dev/velia/data/fastq/chen_science/,AGATCGGAAGAGCACACGTCT,human,,,
iPSC-rep3_SRR9113066,iPSC-rep3_SRR9113066,SRR9113066_1.fastq.gz,,,s3://velia-archive-dev/velia/data/fastq/chen_science/,AGATCGGAAGAGCACACGTCT,human,,,
iPSC-rep2_SRR9113065,iPSC-rep2_SRR9113065,SRR9113065_1.fastq.gz,,,s3://velia-archive-dev/velia/data/fastq/chen_science/,AGATCGGAAGAGCACACGTCT,human,,,
iPSC-rep1_SRR9113064,iPSC-rep1_SRR9113064,SRR9113064_1.fastq.gz,,,s3://velia-archive-dev/velia/data/fastq/chen_science/,AGATCGGAAGAGCACACGTCT,human,,,
,,,,,,,,,,
,,,,,,,,,,
[Riboseq_jobs],,,,,,,,,,
CHX,TIS,Note,,,,,,,,
Caco-2_control_rep1,,Caco-2_control_rep1,,,,,,,,
Caco-2_control_rep2,,Caco-2_control_rep2,,,,,,,,
Caco-2_LM_rep1,,Caco-2_LM_rep1,,,,,,,,
Caco-2_LM_rep2,,Caco-2_LM_rep2,,,,,,,,
Caco-2_MWOLip_rep1,,Caco-2_MWOLip_rep1,,,,,,,,
Caco-2_MWOLip_rep2,,Caco-2_MWOLip_rep2,,,,,,,,
Caco-2_undiff_rep1,,Caco-2_undiff_rep1,,,,,,,,
Caco-2_undiff_rep2,,Caco-2_undiff_rep2,,,,,,,,
HCC1954_rep2,,HCC1954_rep2,,,,,,,,
HCC1954_rep3,,HCC1954_rep3,,,,,,,,
HCC1954_RPF_1,,HCC1954_rep1,,,,,,,,
HepG2_chol-oleic_rep1,,HepG2_chol-oleic_rep1,,,,,,,,
HepG2_chol-oleic_rep2,,HepG2_chol-oleic_rep2,,,,,,,,
HepG2_control_rep1,,HepG2_control_rep1,,,,,,,,
HepG2_control_rep2,,HepG2_control_rep2,,,,,,,,
MCF-7_rep6,,MCF-7_rep6,,,,,,,,
MCF-7_rep7,,MCF-7_rep7,,,,,,,,
MCF-7_RPF_2,,MCF-7_rep2,,,,,,,,
MCF-7_RPF_3,,MCF-7_rep3,,,,,,,,
MCF-7_RPF_4,,MCF-7_rep4,,,,,,,,
MCF-7_RPF_5,,MCF-7_rep5,,,,,,,,
MDA-MB-231_rep2,,MDA-MB-231_rep2,,,,,,,,
MDA-MB-231_rep3,,MDA-MB-231_rep3,,,,,,,,
MDA-MB-231_RPF_1,,MDA-MB-231_rep1,,,,,,,,
K562-HiRes-rep3_SRR8449581,,K562-HiRes-rep3,,,,,,,,
K562-HiRes-rep2_SRR8449580,,K562-HiRes-rep2,,,,,,,,
K562-HiRes-rep1_SRR8449579,,K562-HiRes-rep1,,,,,,,,
HeLaS3-LoRes-rep2_SRR8449576,,HeLaS3-LoRes-rep2,,,,,,,,
HeLaS3-LoRes-rep1_SRR8449575,,HeLaS3-LoRes-rep1,,,,,,,,
HeLaS3-HiRes-rep2_SRR8449578,,HeLaS3-HiRes-rep2,,,,,,,,
HeLaS3-HiRes-rep1_SRR8449577,,HeLaS3-HiRes-rep1,,,,,,,,
HEK293T-TM-rep2_SRR8449572,,HEK293T-TM-rep2,,,,,,,,
HEK293T-TM-rep1_SRR8449571,,HEK293T-TM-rep1,,,,,,,,
HEK293T-TG-rep2_SRR8449574,,HEK293T-TG-rep2,,,,,,,,
HEK293T-TG-rep1_SRR8449573,,HEK293T-TG-rep1,,,,,,,,
HEK293T-MedRes_SRR8449567,,HEK293T-untreated-MedRes,,,,,,,,
HEK293T-LoRes_SRR8449566,,HEK293T-untreated-LoRes,,,,,,,,
HEK293T-HiRes_SRR8449568,,HEK293T-untreated-HiRes,,,,,,,,
HEK293T-DMSO-rep2_SRR8449570,,HEK293T-DMSO-rep2,,,,,,,,
HEK293T-DMSO-rep1_SRR8449569,,HEK293T-DMSO-rep1,,,,,,,,
cardiomyocyte-rep3_SRR9113069,,cardiomyocyte-rep3,,,,,,,,
cardiomyocyte-rep2_SRR9113068,,cardiomyocyte-rep2,,,,,,,,
cardiomyocyte-rep1_SRR9113067,,cardiomyocyte-rep1,,,,,,,,
iPSC-rep3_SRR9113066,,iPSC-rep3,,,,,,,,
iPSC-rep2_SRR9113065,,iPSC-rep2,,,,,,,,
iPSC-rep1_SRR9113064,,iPSC-rep1,,,,,,,,