[Samples],,,,,,,,,,,
experiment_id,sample_id,R1_fastq_file,R2_fastq_file,I1_fastq_file,containing_folder,adaptor_sequence,organism,umi,,,
Hs_H1_BG96_3D_d11_ctrl_Riboseq_replicate1_1,SRX7666669,SRX7666669_SRR11005875.fastq.gz,,,s3://velia-piperuns-dev/riboseq_files/jan5_2024/,AGATCGGAAGAGCACACGTCT,human,,,,
Hs_H1_BG96_3D_d11_ctrl_Riboseq_replicate1_2,SRX7666670,SRX7666670_SRR11005876.fastq.gz,,,s3://velia-piperuns-dev/riboseq_files/jan5_2024/,AGATCGGAAGAGCACACGTCT,human,,,,
Hs_H1_BG96_3D_d11_ctrl_Riboseq_replicate1_3,SRX7666671,SRX7666671_SRR11005877.fastq.gz,,,s3://velia-piperuns-dev/riboseq_files/jan5_2024/,AGATCGGAAGAGCACACGTCT,human,,,,
Hs_H1_BG96_3D_d11_ctrl_Riboseq_replicate1_4,SRX7666672,SRX7666672_SRR11005878.fastq.gz,,,s3://velia-piperuns-dev/riboseq_files/jan5_2024/,AGATCGGAAGAGCACACGTCT,human,,,,
Hs_H1_BG96_3D_d11_ctrl_Riboseq_replicate1_5,SRX7666673,SRX7666673_SRR11005879.fastq.gz,,,s3://velia-piperuns-dev/riboseq_files/jan5_2024/,AGATCGGAAGAGCACACGTCT,human,,,,
Hs_H1_BG97_3D_d11_ctrl_Riboseq_replicate1_1,SRX7666674,SRX7666674_SRR11005880.fastq.gz,,,s3://velia-piperuns-dev/riboseq_files/jan5_2024/,AGATCGGAAGAGCACACGTCT,human,,,,
Hs_H1_BG97_3D_d11_ctrl_Riboseq_replicate1_2,SRX7666675,SRX7666675_SRR11005881.fastq.gz,,,s3://velia-piperuns-dev/riboseq_files/jan5_2024/,AGATCGGAAGAGCACACGTCT,human,,,,
Hs_H1_BG97_3D_d11_ctrl_Riboseq_replicate1_3,SRX7666676,SRX7666676_SRR11005882.fastq.gz,,,s3://velia-piperuns-dev/riboseq_files/jan5_2024/,AGATCGGAAGAGCACACGTCT,human,,,,
Hs_H1_BG97_3D_d11_ctrl_Riboseq_replicate1_4,SRX7666677,SRX7666677_SRR11005883.fastq.gz,,,s3://velia-piperuns-dev/riboseq_files/jan5_2024/,AGATCGGAAGAGCACACGTCT,human,,,,
Hs_H1_BG97_3D_d11_ctrl_Riboseq_replicate1_5,SRX7666678,SRX7666678_SRR11005884.fastq.gz,,,s3://velia-piperuns-dev/riboseq_files/jan5_2024/,AGATCGGAAGAGCACACGTCT,human,,,,
Hs_H1_BG98_3D_d11_ctrl_Riboseq_replicate1_1,SRX7666679,SRX7666679_SRR11005885.fastq.gz,,,s3://velia-piperuns-dev/riboseq_files/jan5_2024/,AGATCGGAAGAGCACACGTCT,human,,,,
Hs_H1_BG98_3D_d11_ctrl_Riboseq_replicate1_2,SRX7666680,SRX7666680_SRR11005886.fastq.gz,,,s3://velia-piperuns-dev/riboseq_files/jan5_2024/,AGATCGGAAGAGCACACGTCT,human,,,,
Hs_H1_BG98_3D_d11_ctrl_Riboseq_replicate1_3,SRX7666681,SRX7666681_SRR11005887.fastq.gz,,,s3://velia-piperuns-dev/riboseq_files/jan5_2024/,AGATCGGAAGAGCACACGTCT,human,,,,
Hs_H1_BG98_3D_d11_ctrl_Riboseq_replicate1_4,SRX7666682,SRX7666682_SRR11005888.fastq.gz,,,s3://velia-piperuns-dev/riboseq_files/jan5_2024/,AGATCGGAAGAGCACACGTCT,human,,,,
Hs_H1_BG98_3D_d11_ctrl_Riboseq_replicate1_5,SRX7666683,SRX7666683_SRR11005889.fastq.gz,,,s3://velia-piperuns-dev/riboseq_files/jan5_2024/,AGATCGGAAGAGCACACGTCT,human,,,,
Hs_H1_BG99_3D_d11_ctrl_Riboseq_replicate1_1,SRX7666684,SRX7666684_SRR11005890.fastq.gz,,,s3://velia-piperuns-dev/riboseq_files/jan5_2024/,AGATCGGAAGAGCACACGTCT,human,,,,
Hs_H1_BG99_3D_d11_ctrl_Riboseq_replicate1_2,SRX7666685,SRX7666685_SRR11005891.fastq.gz,,,s3://velia-piperuns-dev/riboseq_files/jan5_2024/,AGATCGGAAGAGCACACGTCT,human,,,,
Hs_H1_BG99_3D_d11_ctrl_Riboseq_replicate1_3,SRX7666686,SRX7666686_SRR11005892.fastq.gz,,,s3://velia-piperuns-dev/riboseq_files/jan5_2024/,AGATCGGAAGAGCACACGTCT,human,,,,
Hs_H1_BG99_3D_d11_ctrl_Riboseq_replicate1_4,SRX7666687,SRX7666687_SRR11005893.fastq.gz,,,s3://velia-piperuns-dev/riboseq_files/jan5_2024/,AGATCGGAAGAGCACACGTCT,human,,,,
Hs_H1_BG99_3D_d11_ctrl_Riboseq_replicate1_5,SRX7666688,SRX7666688_SRR11005894.fastq.gz,,,s3://velia-piperuns-dev/riboseq_files/jan5_2024/,AGATCGGAAGAGCACACGTCT,human,,,,
Hs_H1_BG100_3D_d11_ctrl_Riboseq_replicate1_1,SRX7666689,SRX7666689_SRR11005895.fastq.gz,,,s3://velia-piperuns-dev/riboseq_files/jan5_2024/,AGATCGGAAGAGCACACGTCT,human,,,,
Hs_H1_BG100_3D_d11_ctrl_Riboseq_replicate1_2,SRX7666690,SRX7666690_SRR11005896.fastq.gz,,,s3://velia-piperuns-dev/riboseq_files/jan5_2024/,AGATCGGAAGAGCACACGTCT,human,,,,
Hs_H1_BG100_3D_d11_ctrl_Riboseq_replicate1_3,SRX7666691,SRX7666691_SRR11005897.fastq.gz,,,s3://velia-piperuns-dev/riboseq_files/jan5_2024/,AGATCGGAAGAGCACACGTCT,human,,,,
Hs_H1_BG100_3D_d11_ctrl_Riboseq_replicate1_4,SRX7666692,SRX7666692_SRR11005898.fastq.gz,,,s3://velia-piperuns-dev/riboseq_files/jan5_2024/,AGATCGGAAGAGCACACGTCT,human,,,,
Hs_H1_BG100_3D_d11_ctrl_Riboseq_replicate1_5,SRX7666693,SRX7666693_SRR11005899.fastq.gz,,,s3://velia-piperuns-dev/riboseq_files/jan5_2024/,AGATCGGAAGAGCACACGTCT,human,,,,
Hs_H1_BG101_3D_d11_ctrl_Riboseq_replicate1_1,SRX7666694,SRX7666694_SRR11005900.fastq.gz,,,s3://velia-piperuns-dev/riboseq_files/jan5_2024/,AGATCGGAAGAGCACACGTCT,human,,,,
Hs_H1_BG101_3D_d11_ctrl_Riboseq_replicate1_2,SRX7666695,SRX7666695_SRR11005901.fastq.gz,,,s3://velia-piperuns-dev/riboseq_files/jan5_2024/,AGATCGGAAGAGCACACGTCT,human,,,,
Hs_H1_BG101_3D_d11_ctrl_Riboseq_replicate1_3,SRX7666696,SRX7666696_SRR11005902.fastq.gz,,,s3://velia-piperuns-dev/riboseq_files/jan5_2024/,AGATCGGAAGAGCACACGTCT,human,,,,
Hs_H1_BG101_3D_d11_ctrl_Riboseq_replicate1_4,SRX7666697,SRX7666697_SRR11005903.fastq.gz,,,s3://velia-piperuns-dev/riboseq_files/jan5_2024/,AGATCGGAAGAGCACACGTCT,human,,,,
Hs_H1_BG101_3D_d11_ctrl_Riboseq_replicate1_5,SRX7666698,SRX7666698_SRR11005904.fastq.gz,,,s3://velia-piperuns-dev/riboseq_files/jan5_2024/,AGATCGGAAGAGCACACGTCT,human,,,,
ERSrcTAM00hr_chx_rep1,SRX876046,SRX876046_SRR1802129.fastq.gz,,,s3://velia-piperuns-dev/riboseq_files/jan3_2024/,CTGTAGGCACCATCAATAGATCGGAAGAGC,human,,,,
ERSrcTAM01hr_chx_rep1,SRX876047,SRX876047_SRR1802130.fastq.gz,,,s3://velia-piperuns-dev/riboseq_files/jan3_2024/,CTGTAGGCACCATCAATAGATCGGAAGAGC,human,,,,
ERSrcTAM04hr_chx_rep1,SRX876048,SRX876048_SRR1802131.fastq.gz,,,s3://velia-piperuns-dev/riboseq_files/jan3_2024/,CTGTAGGCACCATCAATAGATCGGAAGAGC,human,,,,
ERSrcTAM24hr_chx_rep1,SRX876049,SRX876049_SRR1802132.fastq.gz,,,s3://velia-piperuns-dev/riboseq_files/jan3_2024/,CTGTAGGCACCATCAATAGATCGGAAGAGC,human,,,,
ERSrcTAM00hr_harr_rep1,SRX876050,SRX876050_SRR1802133.fastq.gz,,,s3://velia-piperuns-dev/riboseq_files/jan3_2024/,CTGTAGGCACCATCAATAGATCGGAAGAGC,human,,,,
ERSrcTAM01hr_harr_rep1,SRX876051,SRX876051_SRR1802134.fastq.gz,,,s3://velia-piperuns-dev/riboseq_files/jan3_2024/,CTGTAGGCACCATCAATAGATCGGAAGAGC,human,,,,
ERSrcTAM04hr_harr_rep1,SRX876052,SRX876052_SRR1802135.fastq.gz,,,s3://velia-piperuns-dev/riboseq_files/jan3_2024/,CTGTAGGCACCATCAATAGATCGGAAGAGC,human,,,,
ERSrcTAM24hr_harr_rep1,SRX876053,SRX876053_SRR1802136.fastq.gz,,,s3://velia-piperuns-dev/riboseq_files/jan3_2024/,CTGTAGGCACCATCAATAGATCGGAAGAGC,human,,,,
ERSrcEtOH01hr_chx_rep2,SRX876054,SRX876054_SRR1802137.fastq.gz,,,s3://velia-piperuns-dev/riboseq_files/jan3_2024/,CTGTAGGCACCATCAATAGATCGGAAGAGC,human,,,,
ERSrcEtOH04hr_chx_rep2,SRX876055,SRX876055_SRR1802138.fastq.gz,,,s3://velia-piperuns-dev/riboseq_files/jan3_2024/,CTGTAGGCACCATCAATAGATCGGAAGAGC,human,,,,
ERSrcEtOH24hr_chx_rep2,SRX876056,SRX876056_SRR1802139.fastq.gz,,,s3://velia-piperuns-dev/riboseq_files/jan3_2024/,CTGTAGGCACCATCAATAGATCGGAAGAGC,human,,,,
ERSrcTAM01hr_chx_rep2,SRX876057,SRX876057_SRR1802140.fastq.gz,,,s3://velia-piperuns-dev/riboseq_files/jan3_2024/,CTGTAGGCACCATCAATAGATCGGAAGAGC,human,,,,
ERSrcTAM04hr_chx_rep2,SRX876058,SRX876058_SRR1802141.fastq.gz,,,s3://velia-piperuns-dev/riboseq_files/jan3_2024/,CTGTAGGCACCATCAATAGATCGGAAGAGC,human,,,,
ERSrcTAM24hr_chx_rep2,SRX876059,SRX876059_SRR1802142.fastq.gz,,,s3://velia-piperuns-dev/riboseq_files/jan3_2024/,CTGTAGGCACCATCAATAGATCGGAAGAGC,human,,,,
EH_chx_rep1,SRX876063,SRX876063_SRR1802146.fastq.gz,,,s3://velia-piperuns-dev/riboseq_files/jan3_2024/,CTGTAGGCACCATCAATAGATCGGAAGAGC,human,,,,
EL_chx_rep1,SRX876064,SRX876064_SRR1802147.fastq.gz,,,s3://velia-piperuns-dev/riboseq_files/jan3_2024/,CTGTAGGCACCATCAATAGATCGGAAGAGC,human,,,,
ELR_chx_rep1,SRX876065,SRX876065_SRR1802148.fastq.gz,,,s3://velia-piperuns-dev/riboseq_files/jan3_2024/,CTGTAGGCACCATCAATAGATCGGAAGAGC,human,,,,
EH_harr_rep1,SRX876066,SRX876066_SRR1802149.fastq.gz,,,s3://velia-piperuns-dev/riboseq_files/jan3_2024/,CTGTAGGCACCATCAATAGATCGGAAGAGC,human,,,,
EL_harr_rep1,SRX876067,SRX876067_SRR1802150.fastq.gz,,,s3://velia-piperuns-dev/riboseq_files/jan3_2024/,CTGTAGGCACCATCAATAGATCGGAAGAGC,human,,,,
ELR_harr_rep1,SRX876068,SRX876068_SRR1802151.fastq.gz,,,s3://velia-piperuns-dev/riboseq_files/jan3_2024/,CTGTAGGCACCATCAATAGATCGGAAGAGC,human,,,,
EH_chx_rep2,SRX876069,SRX876069_SRR1802152.fastq.gz,,,s3://velia-piperuns-dev/riboseq_files/jan3_2024/,CTGTAGGCACCATCAATAGATCGGAAGAGC,human,,,,
EL_chx_rep2,SRX876070,SRX876070_SRR1802153.fastq.gz,,,s3://velia-piperuns-dev/riboseq_files/jan3_2024/,CTGTAGGCACCATCAATAGATCGGAAGAGC,human,,,,
ELR_chx_rep2,SRX876071,SRX876071_SRR1802154.fastq.gz,,,s3://velia-piperuns-dev/riboseq_files/jan3_2024/,CTGTAGGCACCATCAATAGATCGGAAGAGC,human,,,,
EH_harr_rep2,SRX876072,SRX876072_SRR1802155.fastq.gz,,,s3://velia-piperuns-dev/riboseq_files/jan3_2024/,CTGTAGGCACCATCAATAGATCGGAAGAGC,human,,,,
EL_harr_rep2,SRX876073,SRX876073_SRR1802156.fastq.gz,,,s3://velia-piperuns-dev/riboseq_files/jan3_2024/,CTGTAGGCACCATCAATAGATCGGAAGAGC,human,,,,
ELR_harr_rep2,SRX876074,SRX876074_SRR1802157.fastq.gz,,,s3://velia-piperuns-dev/riboseq_files/jan3_2024/,CTGTAGGCACCATCAATAGATCGGAAGAGC,human,,,,
Flp-In T-REx HEK293,SRX1254413,SRX1254413_SRR2433794.fastq.gz,,,s3://velia-piperuns-dev/riboseq_files/jan3_2024/,,human,,,,
HapMap_harr_CHX_rep1,SRX1447296,SRX1447296_SRR2954800.fastq.gz,,,s3://velia-piperuns-dev/riboseq_files/jan3_2024/,,human,,,,
HapMap_harr_CHX_rep2,SRX1447297,SRX1447297_SRR2954801.fastq.gz,,,s3://velia-piperuns-dev/riboseq_files/jan3_2024/,,human,,,,
ERX3391949,ERX3391949,ERX3391949_ERR3367797.fastq.gz,,,s3://velia-piperuns-dev/riboseq_files/jan4_2024/,,human,,,,
ERX3391950,ERX3391950,ERX3391950_ERR3367798.fastq.gz,,,s3://velia-piperuns-dev/riboseq_files/jan4_2024/,,human,,,,
,,,,,,,,,,,
,,,,,,,,,,,
,,,,,,,,,,,
[Riboseq_jobs],,,,,,,,,,,
CHX,TIS,Note,,,,,,,,,
SRX7666669,,Hs_H1_BG96_3D_d11_ctrl_Riboseq_replicate1_1; hESC-derived pancreatic progenitors (Gartner 2020),,,,,,,,,
SRX7666670,,Hs_H1_BG96_3D_d11_ctrl_Riboseq_replicate1_2; hESC-derived pancreatic progenitors (Gartner 2020),,,,,,,,,
SRX7666671,,Hs_H1_BG96_3D_d11_ctrl_Riboseq_replicate1_3; hESC-derived pancreatic progenitors (Gartner 2020),,,,,,,,,
SRX7666672,,Hs_H1_BG96_3D_d11_ctrl_Riboseq_replicate1_4; hESC-derived pancreatic progenitors (Gartner 2020),,,,,,,,,
SRX7666673,,Hs_H1_BG96_3D_d11_ctrl_Riboseq_replicate1_5; hESC-derived pancreatic progenitors (Gartner 2020),,,,,,,,,
SRX7666674,,Hs_H1_BG97_3D_d11_ctrl_Riboseq_replicate1_1; hESC-derived pancreatic progenitors (Gartner 2020),,,,,,,,,
SRX7666675,,Hs_H1_BG97_3D_d11_ctrl_Riboseq_replicate1_2; hESC-derived pancreatic progenitors (Gartner 2020),,,,,,,,,
SRX7666676,,Hs_H1_BG97_3D_d11_ctrl_Riboseq_replicate1_3; hESC-derived pancreatic progenitors (Gartner 2020),,,,,,,,,
SRX7666677,,Hs_H1_BG97_3D_d11_ctrl_Riboseq_replicate1_4; hESC-derived pancreatic progenitors (Gartner 2020),,,,,,,,,
SRX7666678,,Hs_H1_BG97_3D_d11_ctrl_Riboseq_replicate1_5; hESC-derived pancreatic progenitors (Gartner 2020),,,,,,,,,
SRX7666679,,Hs_H1_BG98_3D_d11_ctrl_Riboseq_replicate1_1; hESC-derived pancreatic progenitors (Gartner 2020),,,,,,,,,
SRX7666680,,Hs_H1_BG98_3D_d11_ctrl_Riboseq_replicate1_2; hESC-derived pancreatic progenitors (Gartner 2020),,,,,,,,,
SRX7666681,,Hs_H1_BG98_3D_d11_ctrl_Riboseq_replicate1_3; hESC-derived pancreatic progenitors (Gartner 2020),,,,,,,,,
SRX7666682,,Hs_H1_BG98_3D_d11_ctrl_Riboseq_replicate1_4; hESC-derived pancreatic progenitors (Gartner 2020),,,,,,,,,
SRX7666683,,Hs_H1_BG98_3D_d11_ctrl_Riboseq_replicate1_5; hESC-derived pancreatic progenitors (Gartner 2020),,,,,,,,,
SRX7666684,,Hs_H1_BG99_3D_d11_ctrl_Riboseq_replicate1_1; hESC-derived pancreatic progenitors (Gartner 2020),,,,,,,,,
SRX7666685,,Hs_H1_BG99_3D_d11_ctrl_Riboseq_replicate1_2; hESC-derived pancreatic progenitors (Gartner 2020),,,,,,,,,
SRX7666686,,Hs_H1_BG99_3D_d11_ctrl_Riboseq_replicate1_3; hESC-derived pancreatic progenitors (Gartner 2020),,,,,,,,,
SRX7666687,,Hs_H1_BG99_3D_d11_ctrl_Riboseq_replicate1_4; hESC-derived pancreatic progenitors (Gartner 2020),,,,,,,,,
SRX7666688,,Hs_H1_BG99_3D_d11_ctrl_Riboseq_replicate1_5; hESC-derived pancreatic progenitors (Gartner 2020),,,,,,,,,
SRX7666689,,Hs_H1_BG100_3D_d11_ctrl_Riboseq_replicate1_1; hESC-derived pancreatic progenitors (Gartner 2020),,,,,,,,,
SRX7666690,,Hs_H1_BG100_3D_d11_ctrl_Riboseq_replicate1_2; hESC-derived pancreatic progenitors (Gartner 2020),,,,,,,,,
SRX7666691,,Hs_H1_BG100_3D_d11_ctrl_Riboseq_replicate1_3; hESC-derived pancreatic progenitors (Gartner 2020),,,,,,,,,
SRX7666692,,Hs_H1_BG100_3D_d11_ctrl_Riboseq_replicate1_4; hESC-derived pancreatic progenitors (Gartner 2020),,,,,,,,,
SRX7666693,,Hs_H1_BG100_3D_d11_ctrl_Riboseq_replicate1_5; hESC-derived pancreatic progenitors (Gartner 2020),,,,,,,,,
SRX7666694,,Hs_H1_BG101_3D_d11_ctrl_Riboseq_replicate1_1; hESC-derived pancreatic progenitors (Gartner 2020),,,,,,,,,
SRX7666695,,Hs_H1_BG101_3D_d11_ctrl_Riboseq_replicate1_2; hESC-derived pancreatic progenitors (Gartner 2020),,,,,,,,,
SRX7666696,,Hs_H1_BG101_3D_d11_ctrl_Riboseq_replicate1_3; hESC-derived pancreatic progenitors (Gartner 2020),,,,,,,,,
SRX7666697,,Hs_H1_BG101_3D_d11_ctrl_Riboseq_replicate1_4; hESC-derived pancreatic progenitors (Gartner 2020),,,,,,,,,
SRX7666698,,Hs_H1_BG101_3D_d11_ctrl_Riboseq_replicate1_5; hESC-derived pancreatic progenitors (Gartner 2020),,,,,,,,,
SRX876046,,ERSrcTAM00hr_chx_rep1; MCF10A and BJ Fibroblasts (Ji 2015),,,,,,,,,
SRX876047,,ERSrcTAM01hr_chx_rep1; MCF10A and BJ Fibroblasts (Ji 2015),,,,,,,,,
SRX876048,,ERSrcTAM04hr_chx_rep1; MCF10A and BJ Fibroblasts (Ji 2015),,,,,,,,,
SRX876049,,ERSrcTAM24hr_chx_rep1; MCF10A and BJ Fibroblasts (Ji 2015),,,,,,,,,
SRX876050,,ERSrcTAM00hr_harr_rep1; MCF10A and BJ Fibroblasts (Ji 2015),,,,,,,,,
SRX876051,,ERSrcTAM01hr_harr_rep1; MCF10A and BJ Fibroblasts (Ji 2015),,,,,,,,,
SRX876052,,ERSrcTAM04hr_harr_rep1; MCF10A and BJ Fibroblasts (Ji 2015),,,,,,,,,
SRX876053,,ERSrcTAM24hr_harr_rep1; MCF10A and BJ Fibroblasts (Ji 2015),,,,,,,,,
SRX876054,,ERSrcEtOH01hr_chx_rep2; MCF10A and BJ Fibroblasts (Ji 2015),,,,,,,,,
SRX876055,,ERSrcEtOH04hr_chx_rep2; MCF10A and BJ Fibroblasts (Ji 2015),,,,,,,,,
SRX876056,,ERSrcEtOH24hr_chx_rep2; MCF10A and BJ Fibroblasts (Ji 2015),,,,,,,,,
SRX876057,,ERSrcTAM01hr_chx_rep2; MCF10A and BJ Fibroblasts (Ji 2015),,,,,,,,,
SRX876058,,ERSrcTAM04hr_chx_rep2; MCF10A and BJ Fibroblasts (Ji 2015),,,,,,,,,
SRX876059,,ERSrcTAM24hr_chx_rep2; MCF10A and BJ Fibroblasts (Ji 2015),,,,,,,,,
SRX876063,,EH_chx_rep1; MCF10A and BJ Fibroblasts (Ji 2015),,,,,,,,,
SRX876064,,EL_chx_rep1; MCF10A and BJ Fibroblasts (Ji 2015),,,,,,,,,
SRX876065,,ELR_chx_rep1; MCF10A and BJ Fibroblasts (Ji 2015),,,,,,,,,
SRX876066,,EH_harr_rep1; MCF10A and BJ Fibroblasts (Ji 2015),,,,,,,,,
SRX876067,,EL_harr_rep1; MCF10A and BJ Fibroblasts (Ji 2015),,,,,,,,,
SRX876068,,ELR_harr_rep1; MCF10A and BJ Fibroblasts (Ji 2015),,,,,,,,,
SRX876069,,EH_chx_rep2; MCF10A and BJ Fibroblasts (Ji 2015),,,,,,,,,
SRX876070,,EL_chx_rep2; MCF10A and BJ Fibroblasts (Ji 2015),,,,,,,,,
SRX876071,,ELR_chx_rep2; MCF10A and BJ Fibroblasts (Ji 2015),,,,,,,,,
SRX876072,,EH_harr_rep2; MCF10A and BJ Fibroblasts (Ji 2015),,,,,,,,,
SRX876073,,EL_harr_rep2; MCF10A and BJ Fibroblasts (Ji 2015),,,,,,,,,
SRX876074,,ELR_harr_rep2; MCF10A and BJ Fibroblasts (Ji 2015),,,,,,,,,
SRX1254413,,HEK293 Flp-In T-REx; Flp-In T-REx HEK293 (Calviello 2016),,,,,,,,,
SRX1447296,,HapMap_harr_CHX_rep1; HapMap Lymphoblastoid Cell,,,,,,,,,
SRX1447297,,HapMap_harr_CHX_rep2; HapMap Lymphoblastoid Cell,,,,,,,,,
ERX3391949,,hs_iPScm_01; human iPS cardio myocyte Ribo-seq,,,,,,,,,
ERX3391950,,hs_iPScm_02; human iPS cardio myocyte Ribo-seq,,,,,,,,,